原文件名,新路径
IMG_0012.jpg,图片/20260105_001_IMG_0012.jpg
IMG_0013.JPG,图片/20260206_002_IMG_0013.jpg
会议记录.docx,文档/20260212_001_会议记录.docx
发票-三月.pdf,文档/20260111_002_发票-三月.pdf
合同 扫描件.pdf,文档/20260310_003_合同_扫描件.pdf
录音001.mp3,音频/20260215_001_录音001.mp3
微信图片_20260301.png,图片/20260307_003_微信图片_20260301.png
报价单 最终版(2).xlsx,表格/20260108_001_报价单_最终版_2.xlsx
报价单最终版.xlsx,表格/20260209_002_报价单最终版.xlsx
新建文本文档.txt,文档/20260313_004_新建文本文档.txt
未知文件.xyz,其他/20260316_001_未知文件.xyz
演示稿 v3.pptx,演示/20260114_001_演示稿_v3.pptx
